title,publishedAt,viewCount,likeCount,commentCount
üî¥ Raid Night ft. Subcriber,2022-01-27T18:25:49Z,642479,51217,401
PUBG IN REAL LIFE ft @MortaL - Vlog 96,2022-01-25T14:30:12Z,1244606,106587,1112
EASIEST WAY TO PASS EXAMS,2022-01-21T14:30:16Z,4245914,374937,6509
CLICK HERE TO PASS EXAMS üôè,2022-01-18T15:00:14Z,4244050,374578,7490
"üî¥short chilling w/ subscriber, manager",2022-01-17T19:07:59Z,427652,25896,324
SURPRISING BOT ARMY MEMBER WITH PS5 - Vlog 95,2022-01-17T14:30:11Z,943642,91863,1924
"üî¥Reddit Reviewing w/ Aish, Mandy (face reveal and bhangra at 50K)",2022-01-13T18:46:23Z,552033,39822,623
"üî¥talking about crushes ft. aishwarya, ahsaas, viraj, rudraksh, aadhya, urvi",2022-01-12T17:50:44Z,605499,36419,645
WORST STUDENTS DURING ONLINE CLASSES,2022-01-12T14:30:11Z,5414091,403415,7054
"üî¥Chilling w/ Rohan, Shaks - WE ARE NOT DOCTORS OR POLICE OR LAWYER",2022-01-10T18:43:22Z,427538,22498,332
SURPRISING BESTFRIEND WITH A NEW PC! - Vlog 94,2022-01-10T14:30:14Z,1262107,113163,1898
Untitled Tanmay and Aishwarya Show - Episode 3,2022-01-01T20:47:00Z,386074,21928,325
"üî¥Reddit Review. ft. Fleetu, Aishwarya",2021-12-29T19:16:49Z,609200,36232,422
The Tanmay and Aish Show - Episode 2,2021-12-27T22:36:49Z,283896,17397,440
üî¥ Jukebox Chess - Jhadoo Challenge,2021-12-27T19:43:26Z,137561,8417,101
"üî¥PUBG: NEW STATE ft. Fleetu, Rider OP",2021-12-24T15:52:25Z,234985,14168,110
Not a drunk stream w/ Aishwarya,2021-12-23T23:12:02Z,391422,23953,641
HOW COMEDIANS PARTY! - Vlog 93,2021-12-20T14:30:13Z,1065633,96709,1052
YOUTUBERS CRASHED MY HOUSE (PART II) - Vlog 92,2021-12-13T14:30:10Z,1397070,124433,1176
ULTIMATE SIGMA MALE SECRET REVEAL,2021-12-01T15:34:41Z,3442769,293544,3104
THE NEERAJ CHOPRA VLOG,2021-11-29T14:30:12Z,1456223,131888,1663
üî¥Reddit Review ft. Naveed,2021-11-25T18:11:15Z,823097,52058,450
SAD TRUTH ABOUT BEING A STUDENT,2021-11-24T16:00:14Z,3207395,259148,3383
S*X POLICE üî´ - Vlog 90 @Aishwarya Mohanraj,2021-11-22T15:00:11Z,2248779,166009,1613
"üî¥PUBG: NEW STATE ft. Fleetu, Mamba, Binks",2021-11-19T17:33:55Z,338677,21167,107
HOW TO PLEASE YOUR PARTNER 101,2021-11-18T14:45:11Z,1701035,188126,1376
"üî¥PUBG: NEW STATE ft. Fleetu, Ojas",2021-11-16T19:08:45Z,352374,22823,79
üî¥Reddit Review (finally) and Chilling,2021-11-15T20:43:15Z,560391,32553,313
"üî¥PUBG: NEW STATE - Launch Week Stream Party! Ft. Ankkita, Payal, Krutika, Samay, Bhuvan, Raftaar",2021-11-15T17:29:23Z,671800,49289,242
THE SRK VLOG - VLOG 89,2021-11-15T13:30:12Z,1783807,166856,2597
"üî¥PUBG: NEW STATE - Launch Week Stream Party! Ft. Gully Gang, Fleetu, Rider, Suhani",2021-11-14T17:51:27Z,594963,37476,83
THE DHINDORA PREMIERE ft. @BB Ki Vines - VLOG 88,2021-11-11T14:30:11Z,2021103,159861,1343
RIP ONLINE CLASSES,2021-11-03T15:00:12Z,6062255,489439,7916
The Kapil Dev Vlog - VLOG 87,2021-11-01T14:30:12Z,1452054,118968,1154
üî¥TESTING PUBG NEWSTATE! ft. Mechanical Pandey,2021-10-29T12:41:30Z,552606,38354,324
PAKISTANI'S ARE SAVAGE ft. @Zakir Khan - Part 6,2021-10-28T14:30:13Z,6236785,415401,4078
YOUTUBERS CRASHED MY HOUSE - Vlog 86 ft. @Mythpat @Slayy Point@Tech Burner,2021-10-25T14:30:12Z,1945213,168948,2488
A MESSAGE FOR MY HATER - Vlog 85,2021-10-20T14:30:12Z,1247307,130125,1709
THE DHINDORA VLOG @BB Ki Vines @ashish chanchlani vines  @CarryMinati  @Triggered Insaan @Zakir Khan,2021-10-18T16:00:11Z,7177159,550630,6058
üî¥ Meet The Kingslayers aka Animal Planet,2021-10-10T17:06:07Z,401524,22169,293
KINGSLAYERS COACH REVEAL - VLOG 83,2021-10-10T12:00:12Z,912310,106611,3229
CAN YOU ANSWER THIS LAST QUESTION IN KBC?,2021-10-09T14:15:13Z,5341238,347827,3125
MARVADI CINEMATIC UNIVERSE,2021-10-07T14:30:15Z,5098354,386680,3435
WOULD SHE.......?!? - VLOG 82,2021-10-04T14:00:13Z,1486350,114703,1971
TANMAY AS A CHILD - VLOG 81,2021-09-27T14:30:11Z,1019899,121865,3300
THEY GOT INTO A FIGHT! - VLOG 80,2021-09-20T14:30:11Z,2041930,152760,2605
EXPOSING COMEDIANS - VLOG 79,2021-08-18T14:30:13Z,1880862,178754,2493
DESI GEELI PAPPI TWEETS REVIEWED!,2021-08-17T14:30:12Z,3126639,224675,2989
PAKISTANIS ARE SAVAGE!  Pt 5 feat. @Zakir Khan,2021-08-14T14:30:11Z,5189739,365244,6320
INDIA'S FIRST TIKTOK VIDEO!,2021-08-12T14:30:03Z,3205284,233304,5417
üî¥  Sundays With PokerStars ft @GamerFleet  @Karunesh Talwar  @Kaash Plays  @Be YouNick @Samay Raina,2021-08-08T17:53:06Z,234199,11405,102
WHY INDIAN TWITTER IS THE BEST!,2021-08-08T14:30:13Z,3804091,270234,3334
HAPPY BIRTHDAY CHAT!,2021-08-04T14:30:11Z,1932873,192737,6354
üî¥ Sundays with PokerStars ft @Dino James @SlowCheeta Official  @Shah Rule @Hanumankind @Samay Raina,2021-08-01T17:46:06Z,184737,8797,96
i need a new pet,2021-07-31T14:30:12Z,2016387,180796,3037
ZUBAAN KESARI REVIEW,2021-07-29T14:30:12Z,3224702,249680,3014
üî¥Remixing Bachpan ka Pyaar w/ @Yashraj Mukhate,2021-07-27T14:08:45Z,511694,40112,907
TINDER CHATS REVIEW #2,2021-07-25T14:30:14Z,3200727,266591,3366
"üî¥#iQOORaidNights FINALE - Hunt for India's Next Big Streamer ft Saman Rai, & @GamerFleet",2021-07-23T19:43:18Z,667755,42409,471
NEW SERIES: BOLLYWOOD CRINGE REVIEW  #1,2021-07-23T14:30:14Z,3713240,261812,5768
PAKISTANIS ARE SAVAGE - 4 ft @Zakir Khan,2021-07-21T14:30:12Z,7013629,525328,19349
VLOG 69,2021-07-20T14:30:12Z,2569710,264303,9791
üî¥Sundays with Pokerstars ft. @YesSmartyPie @SangwaN @Kaash Plays @Vivek Desai,2021-07-18T17:45:14Z,128475,8048,62
üî¥Sundays w @PokerStars India @Samay Raina@GamerFleet@Aishwarya Mohanraj@Munawar Faruqui@Suhani Shah,2021-07-11T17:53:45Z,238731,11948,156
"üî¥#iQOORaidNights - Hunt for India's Next Big Streamer ft Saman Rai, & @GamerFleet",2021-07-09T18:45:24Z,378506,29955,317
üî¥ Sundays with PokerStars ft @Rohan Joshi @Ashish Shakya @Samay Raina @Sorabh Pant,2021-07-04T18:19:08Z,169611,9447,243
"üî¥#iQOORaidNights - Hunt for India's Next Big Streamer ft Saman Rai, & @GamerFleet",2021-07-02T19:32:21Z,507860,36097,369
üî¥Sundays with PokerStars ft @Munawar Faruqui  @Rahul Dua  @Jaspreet Singh  @Suhani Shah,2021-06-27T17:59:39Z,219312,12938,118
WE GOT FLOODED - VLOG 77,2021-06-23T15:30:11Z,1912365,164089,2629
"üî¥Fall Guys ft. Samay, Rider, ?  #ZomatoGamingNights",2021-06-18T16:57:20Z,547628,33253,297
THIS VIDEO WILL MAKE U SAD :(,2021-06-13T14:30:14Z,3860519,294376,4678
TINDER CHATS REVIEWS Feat. @Zakir Khan,2021-06-09T15:30:11Z,4743829,293729,2756
"üî¥Skribble ft. Rider, Samay, Dudu, Subscriber, KV #ZomatoGamingNights",2021-06-05T16:54:04Z,878343,49365,541
üî¥SHOW UP FOR INDIA DAY 2 - CHARITY STREAM,2021-06-02T22:56:21Z,1246163,65655,399
PAKISTANIS ARE SAVAGE - PART 3 ft. @Zakir Khan,2021-05-28T14:30:14Z,7849461,457462,8933
THIS VIDEO WILL MAKE YOU CRY,2021-05-27T14:30:13Z,4698311,326988,4645
VACCINE KE SIDE EFFECTS - VLOG 76,2021-05-26T15:30:12Z,1316060,112515,2725
WE GOT VACCINATED - VLOG 75,2021-05-25T14:30:16Z,1759193,125752,3179
DEALING WITH COVID (WORST WEEK) - VLOG 74,2021-05-22T14:30:14Z,1686539,145819,3063
PAKISTANIS ARE SAVAGE PART 2 ft @Zakir Khan,2021-05-19T14:30:19Z,8765163,482716,8451
üî¥SHOW UP FOR INDIA - CHARITY STREAM,2021-05-15T16:31:29Z,1936559,98691,1061
PAKISTANI'S ARE SAVAGE,2021-05-12T15:00:18Z,7815488,525144,12055
FIRE PRANK - VLOG 73,2021-05-08T15:00:16Z,1376369,145467,1557
THE VENKATESH PRASAD VLOG - 72,2021-05-05T14:30:17Z,1223576,147685,1891
MAKING FOREIGNERS DANCE ON GADI WALA - OMEGLE FUN,2021-05-04T14:30:14Z,3219503,226966,4095
INDIANS FLIRTING ON OMEGLE!,2021-04-26T14:30:13Z,3909378,309740,7517
THE RAHUL DRAVID VLOG - VLOG 71,2021-04-24T15:45:14Z,2200586,218511,3784
INDIANS REVIEW PAKISTANI TIKTOKS,2021-04-22T14:30:17Z,5847531,370640,9239
THIS BIKE RUNS ON WATER?,2021-04-20T14:30:18Z,3560847,325129,6828
MY DOG JUST LOST HIS VIRGINITY? - VLOG 70,2021-04-13T14:30:14Z,1845150,188374,4447
SURPRISING HIM WITH A NEW BIKE! - VLOG 68,2021-03-31T15:00:32Z,1990322,248305,8170
ATTENDING BOLLYWOOD PREMIER - VLOG 67 ft @Zakir Khan,2021-03-27T14:30:17Z,1661498,130008,2086
MUMMY PAPA PITAI REVIEW - SUTTA EDITION ft @Zakir Khan,2021-03-26T15:28:50Z,4508941,337395,4351
REVIEWING PAKISTANI MEMES  ft. @Irfan Junejo,2021-03-19T14:30:33Z,5073643,351394,7630
FORCED TO SLEEP IN MY BALCONY #pacmanchallenge,2021-03-18T12:30:13Z,1634357,154283,1974
GAVE HIS ROOM A MAKE OVER (PRANK!!) - VLOG 65,2021-03-17T15:00:14Z,1465285,144451,1963
"üî¥ PLAYING CARROM WITH KHALI, WINNING 50,000 RUPEES SUPERCHAT - RANDOM BUT EPIC STREAM!",2021-03-14T16:11:06Z,511127,28339,729
"3 BALLS , 3 SIXES - CAN HE DO IT? Feat. @Zakir Khan",2021-03-10T15:00:15Z,1640577,175931,3245
I CHASED THIS INFLUENCER AT MIDNIGHT - VLOG 63,2021-03-07T14:30:15Z,1561530,190376,2527
üî¥WINNING 20K IN LUDO ZENITH - PLAY WITH ME,2021-03-06T16:32:06Z,234102,16503,134
DONT DO THIS IN YOUR EXAMS,2021-03-04T14:30:16Z,3332960,249692,9378
NEXT @Yashraj Mukhate VIDEO SHOULD BE ON THIS GUY,2021-03-02T15:00:17Z,1334186,158211,4957
ISPE F.I.R. ZAROOR LAGEGA... - VLOG 62,2021-03-01T15:30:13Z,1405094,144595,2142
HIS STALKER SENT HIM THIS!! - Vlog 61,2021-02-24T14:30:15Z,1390173,173375,2280
HOW TO CHEAT IN EXAMS TUTORIAL,2021-02-22T14:30:15Z,2757190,271686,4285
HE TESTED POSITIVE - VLOG 60,2021-02-16T14:30:14Z,1439321,164913,2196
EPIC SRK PRANK REVIEW,2021-02-10T14:30:12Z,2136560,214067,1826
GIRLFRIEND BOYFRIEND PITAI REVIEW (NEW SERIES),2021-02-05T15:30:15Z,2803758,423743,5359
BIG BOSS - BUT CRAZIER,2021-02-02T14:30:14Z,1612300,160529,2897
BIGG BOSS (BUT BETTER) - NEW SERIES EP 1,2021-01-31T14:30:11Z,2983623,222799,2115
SHE REJECTED ME :(,2021-01-29T14:30:13Z,3328445,323368,4989
WHAT TURNS WOMEN OFF?,2021-01-28T14:30:15Z,2511437,169259,2729
HONEST WORK FROM HOME!,2021-01-26T14:30:12Z,1163511,112960,2508
WHICH IS THE BEST IIT?,2021-01-24T14:30:09Z,3562141,314605,4671
HIDDEN CAMERA LOYALTY TEST - VLOG 59,2021-01-15T15:00:13Z,1566962,147993,2574
HOW FAMOUS COMEDIANS VACATION - VLOG 58 ft @Zakir Khan,2021-01-10T14:30:12Z,2280579,177436,4139
NEW SERIES: LATTU FATTU AUR NAFISA,2021-01-06T14:30:10Z,1157005,113431,1924
TEACHING ANURAG KASHYAP NEW GAALI - VLOG 57,2021-01-05T14:30:12Z,1826171,165382,2971
SHE PROPOSED TO HIM! - Vlog 56,2021-01-02T15:30:09Z,2307987,252807,8412
WE CRASHED HER HOUSE (DRUNK NIGHT!!) - Vlog 55,2020-12-27T14:30:11Z,2339013,203410,2951
I GOT MARRIED,2020-12-25T14:30:04Z,915161,92630,1314
THE HUNDRED BEER CHALLENGE - Vlog 54,2020-12-24T14:30:11Z,2078704,191052,3117
YOU WONT MISS TIKTOK AFTER YOU SEE THIS,2020-12-17T14:30:13Z,4156530,344483,5569
CAUGHT HIM ORDERING THESE!! - VLOG 53,2020-12-15T14:30:13Z,2552113,206273,3746
LINKEDIN PROFILES ARE THE WORST,2020-12-10T16:27:47Z,1881061,202749,4399
CONFRONTING @ashish chanchlani vines ft. @Mythpat @Slayy Point   Vlog 52,2020-12-05T14:30:12Z,3301418,312977,4866
CAUGHT THEM LIKE THIS IN THE POOL (EMBARRASSING)!! - Vlog 51,2020-12-02T14:30:12Z,1918190,210063,6026
MIRZAPUR SEASON 3 LEAKED - VLOG 50,2020-10-23T14:30:04Z,2135123,210042,7189
EMERGENCY MEETING WITH MODIJI,2020-10-21T15:00:03Z,1107607,99701,3100
@CarryMinati LOST THE BET!,2020-10-15T14:30:03Z,1994983,180618,2316
HE LEARNT THE CUTEST TRICK - VLOG 49,2020-10-13T15:00:10Z,2108294,205141,3374
YouTube Fanfest But Better ft @Triggered Insaan @Mythpat @BeerBiceps @Tech Burner,2020-10-12T15:00:10Z,3182284,201998,3109
FINDING INDIA'S NEXT TOP STREAMER,2020-10-09T14:30:00Z,1697863,170577,4556
TRAVELLING DURING PANDEMIC - VLOG 48,2020-10-08T14:30:11Z,1571463,165903,3529
WE FOUND NEW TIKTOK,2020-10-05T15:00:14Z,4906962,362643,7656
HAD TO TAKE HIM TO THE VET - VLOG 47,2020-10-04T15:00:11Z,2287473,233846,4278
BIGGINI REVIEW,2020-10-03T14:30:12Z,3754766,233332,3496
PYAAR MOHABBAT DHOKA HAI,2020-09-27T14:30:13Z,2759624,180865,3741
PRANKING OUR DOG - Vlog 46,2020-09-24T15:00:12Z,2494026,242783,4263
HOW TO BEHAVE ON A DATE - PART 2,2020-09-14T14:30:14Z,2606964,160807,3589
WE TOOK COVID ANTIBODY TEST - VLOG 45,2020-09-13T14:30:09Z,1990425,191481,5173
HOW TO MAKE A GOBAR BOMB?,2020-09-11T14:35:18Z,3653151,303258,5497
THE DOG VLOG - VLOG 44,2020-09-09T14:30:12Z,3408895,296030,31047
IPHONE DESTRUCTION = BEST CONTENT,2020-09-05T14:30:09Z,4280593,338919,6489
WHO SANG YALGAAR BETTER? ft @CarryMinati,2020-09-04T15:15:12Z,3751424,315172,3793
HOW TO BEHAVE ON A DATE - A TUTORIAL,2020-09-03T14:30:13Z,3199421,191392,5989
ROASTING @Harsh Beniwal,2020-09-01T14:30:12Z,1351567,118159,1275
PLS HELP,2020-08-31T14:30:14Z,4174498,279778,5106
10 TRILLION DIRHAM SET UP TOUR,2020-08-30T14:30:12Z,1933514,222648,10218
200 IQ BETRAYAL OF NAVEED,2020-08-28T14:30:13Z,1461984,127716,2447
RASODE MEIN KAUN THA?!,2020-08-25T14:30:11Z,4205510,382632,7578
CAUGHT BATHING ON THE BALCONY! - VLOG 43,2020-08-24T14:30:13Z,1628936,210513,5954
MY MOST REQUESTED VIDEO!,2020-08-23T14:30:13Z,2114409,207362,3617
LEGENDARY CHEATING CAUGHT ON CAMERA - DHOKA REVIEW #2,2020-08-22T15:30:11Z,3422872,187775,3523
WE NEED TO MOVE OUT :( - VLOG 42,2020-08-20T14:30:12Z,2504055,239103,5462
DAD CAUGHT HIS GF IN HIS BEDROOM! - PITAI REVIEW #4 ft @Zakir Khan,2020-08-19T14:30:13Z,6150323,402504,6244
MOUTH ORGASM - VLOG 41,2020-08-17T14:30:13Z,2381061,214065,7602
SPREADING RUMORS ABOUT @CarryMinati,2020-08-16T14:38:03Z,1696645,140831,2662
üî¥ MSD Tribute Streamüôè,2020-08-15T20:18:50Z,2212293,141105,2043
WE SHAVED HIS HEAD - VLOG 40,2020-08-15T14:45:11Z,2122171,239595,5415
TIKTOK REVIEW #5 (UNSEEN EP),2020-08-13T14:30:13Z,3992864,271316,3866
PYAAR EK DHOKA HAI - Ep 1,2020-08-11T15:03:50Z,3016305,207423,4212
BINOD - THE MYSTERY SOLVED!,2020-08-10T14:30:14Z,4044686,296464,13545
BUDDHI AUNTY VS CRYING BEAST VS CRYINGMINATI,2020-08-09T14:30:09Z,1980525,158799,2173
WE WET HIS BED - VLOG 39,2020-08-08T14:30:12Z,1886960,184665,3303
I MADE @CarryMinati  CRY,2020-08-07T14:30:00Z,1973162,157173,2196
INDIAN SHAADI FAILS REVIEW,2020-08-06T14:30:13Z,6037917,341128,5520
THE VLOG YOU HAVE BEEN WAITING FOR- Vlog 38,2020-08-05T14:30:13Z,2249953,233836,3730
üî¥ Bot Army is 2 Million Strong!,2020-08-04T18:52:44Z,895925,78515,592
PLAYING WITH OUR NEW DOG! - VLOG 37,2020-08-02T14:30:12Z,1681303,144659,3803
HILARIOUS RARE DHONI VIDEO REVIEW (use headphones),2020-07-31T14:30:11Z,3103961,240538,4185
MAKING TIKTOKS IN PUBG,2020-07-30T14:30:03Z,1631907,138203,1801
"PREETI, I LOVE YOU - Vlog 36",2020-07-29T14:30:11Z,2130105,229592,8200
MUMMY PAPA PITAI REVIEW #3,2020-07-28T14:30:11Z,5828794,359804,5651
YOUTUBE SENT ME A SURPRISE - VLOG 35,2020-07-27T14:30:12Z,2382729,225480,6782
TIKTOK REVIEW #4 - (NEW UNSEEN EPISODE),2020-07-25T14:30:14Z,5381091,349938,7132
REAL LOVE STORY IN PUBG (not click bait),2020-07-24T14:30:03Z,1833701,147771,3846
A REQUEST TO YOUTUBE - VLOG 34,2020-07-23T14:30:14Z,2276534,194423,4871
üî¥ Joining Carry Charity Stream - DONATE FROM GPAY LINK IN DESCRIPTION,2020-07-19T18:08:49Z,1510568,90457,617
GOODBYE TIKTOK PART #3,2020-07-18T14:30:13Z,5294724,485170,8732
LOOK WHAT HAPPENED TO MY FACE - VLOG 33,2020-07-17T14:30:13Z,2395874,245272,6058
TIKTOK BAN - INDIAN MEDIA REVIEW,2020-07-16T14:30:12Z,3769207,331332,4416
CRAZY GUINESS WORLD RECORDS REVIEW,2020-07-13T14:30:13Z,5255735,394608,3522
COVID CASE IN OUR BUILDING - VLOG 32,2020-07-12T14:30:13Z,2667414,227497,4908
FNATIC NEW LINE UP? ft @Owais,2020-07-10T14:30:06Z,1275057,91439,1327
GOODBYE TIKTOK - PART #2,2020-07-08T14:30:12Z,8125269,537247,9128
MUMMY PAPA PITAI REVIEW #2,2020-07-06T15:00:14Z,9781590,513564,7182
GOODBYE TIKTOK üôèüôè,2020-07-04T15:00:12Z,9561571,626222,13305
VISITING AIB OFFICE - BIRTHDAY VLOG PART 2,2020-07-02T15:00:14Z,2489704,176760,3567
üî¥ TikTok Appreciation Stream üôè - Part 2,2020-06-30T21:00:08Z,1951931,96545,2246
WHEN MY MOM GOT HIGH | Vlog 30,2020-06-29T15:00:12Z,2576848,263860,3849
FINALLY I'M JOINING SOUL,2020-06-27T15:09:19Z,2318710,156053,1506
THE ULTIMATE SHOWDOWN ft @Kabita's Kitchen - VLOG 29,2020-06-25T06:30:19Z,1994710,160270,4350
Icecreams & Namkeen ft @Zakir Khan  @Rohan Joshi  @Ashish Shakya,2020-06-22T06:30:13Z,518691,21249,729
WILL I LOSE THIS STRIP DARE?,2020-06-21T06:30:01Z,807421,57991,537
üî¥ Last Of Us - Day 2,2020-06-20T13:21:37Z,209651,12713,81
üî¥ Last Of Us 2,2020-06-19T17:59:18Z,320988,17155,170
@Flying Beast YOU COULD HAVE SAVED US!,2020-06-19T06:30:02Z,527039,38825,699
ME VS CHINTU - WHO WILL WIN SKRIBBL?!,2020-06-16T06:30:00Z,479763,35438,733
If People Treated Other Illnesses Like They Treat Depression,2020-06-14T15:38:08Z,863242,98521,2309
üî¥ My Favourite Game Ever - Uncharted 4 - Part 3,2020-06-12T16:17:50Z,201307,11661,107
PUBGM - DIRECTED BY ROHIT SHETTY,2020-06-12T06:30:03Z,1185528,80846,1031
üî¥ My Favourite Game Ever - Uncharted - Part 2,2020-06-11T14:06:59Z,209985,14241,135
HE CUT MY EAR - VLOG 28,2020-06-11T06:30:12Z,2496333,210070,4915
I CHALLENGED @Flying Beast  and LOST!,2020-06-10T06:30:07Z,1709029,108247,1618
"Live With Vinay Pathak, Tillotama Shome, Seema Pahwa",2020-06-09T15:28:11Z,96892,7389,84
RAFTAAR'S REAL NAME REVEALED! Feat YUZI,2020-06-09T06:30:01Z,744115,49953,602
SOLVING 10TH BOARD PAPERS WITH COMEDIANS ft @Rohan Joshi  @Sumaira Shaikh @Siddharth Dudeja,2020-06-07T06:30:14Z,1726466,96308,1956
The Emotional Story of Chintu Ka Birthday,2020-06-05T14:02:47Z,368521,54531,2643
Indian Comedians Roast Iron Man,2020-06-02T06:30:01Z,778929,67761,1681
üî¥ Chintu Ka Birthday - LIVE WITH CAST,2020-05-29T12:44:17Z,251645,17895,425
CHINTU KA BIRTHDAY -  OFFICIAL TRAILER,2020-05-29T06:30:13Z,634525,76376,2797
INDIAN COMEDIANS SOLVE CBSE PAPERS,2020-05-28T06:30:15Z,2970743,170878,4697
MUMMY PAPA PITAI REVIEW,2020-05-26T06:30:00Z,4324701,293115,5616
PUBG MEIN DONALD TRUMP,2020-05-24T06:30:05Z,1695844,127721,2805
"üî¥ Pacify ft. Flying Beast, Mamba, Samay",2020-05-19T17:50:36Z,1174296,82470,2119
BEST NOODLES IN INDIA? - VLOG 27,2020-05-19T06:30:15Z,2869379,186075,7064
PUBG MEIN CHIDIYA UDD ft @MortaL @sc0ut @Raftaar @Raghav Juyal @Samay Raina,2020-05-18T06:30:01Z,2300161,132441,1131
AMIT SHAH IS MY FAN,2020-05-16T06:30:00Z,1079299,88946,1684
EVERYONE TROLLS ME IN FREEFIRE,2020-05-14T13:30:05Z,358995,22277,863
MEET MY EDITORS!,2020-05-13T06:30:00Z,960991,67432,1247
1 MILLION JOURNEY -  SPECIAL MONTAGE,2020-05-12T06:30:15Z,818457,111794,5790
üî¥ 1 MILLION CELEBRATION STREAM ‚ù§Ô∏è,2020-05-11T19:53:00Z,840688,61071,686
BHUVAN BAM'S BREAK UP STORY (SAD) ft.  @BB Ki Vines   @8bit MAMBA ‚Äã,2020-05-10T07:30:02Z,1440424,92088,840
SHOULD GIRLS ABUSE?,2020-05-09T05:30:00Z,2649937,142567,1238
SAASU MA NE KIDNAP KIYA,2020-05-08T13:00:12Z,360792,20452,561
COMEDIANS vs MORTAL!,2020-05-07T05:30:02Z,1859020,96184,803
CHALLENGING @Total Gaming TO REVEAL HIS FACE,2020-05-06T13:31:17Z,1217124,85904,1699
BEACH PARTY IN CUSTOM ROOM - BOT ARMY WORLD RECORD!,2020-05-05T05:30:06Z,665886,55338,1134
I WILL BE CASTER FOR PMCO AFTER THIS VIDEO ft @sc0ut @JONATHAN GAMING,2020-05-04T05:30:01Z,1851628,123849,1017
THE AIB HANGOVER (MY FIRST SKETCH!),2020-05-03T05:30:12Z,858317,86652,3033
THE ROAST OF @Anubhav Singh Bassi  @Random Chikibum  @Rahul Dua @Atul Khatri Shreeja Chaturvedi,2020-05-02T05:30:16Z,2940476,131908,2644
PRANKING FANS WITH THIS MOVIE STAR! @One Nation India,2020-05-01T05:30:12Z,1116633,82580,2103
BOT KILLED ME IN FREEFIRE,2020-04-30T13:30:06Z,286575,20457,1061
WHY DO HOT GIRLS HAVE UGLY BF??,2020-04-29T06:30:00Z,2044088,113052,2622
@CarryMinati v/s @MortaL: REMATCH?!,2020-04-28T06:30:02Z,5683178,277948,2344
ONLINE CLASSES GONE WRONG,2020-04-27T06:30:15Z,9108265,476291,8713
BHOJPURI SONG WITH SHANKAR OP!,2020-04-26T06:30:01Z,1213606,98825,2423
MAZAA HI AA GAYA  | VLOG 26,2020-04-25T06:30:13Z,2075481,191215,4580
INSANE 1v2 BY @ashish chanchlani vines Feat. @CarryMinati @Mythpat,2020-04-24T05:30:06Z,3254719,217622,2323
WHO IS THE WORST ARTIST? Feat. @BB Ki Vines @Raftaar @CarryMinati,2020-04-23T05:30:00Z,1868095,102181,512
FIRST TIME PLAYING FREE FIRE Feat. @TWO-SIDE GAMERS @Sooneeta,2020-04-22T13:30:00Z,742971,49701,2203
WHO WILL CLEAN THE HOUSE? - VLOG 25,2020-04-22T05:00:11Z,1880734,132289,2896
THE LEGAL ROAST :@Urooj Ashfaq @Varun Grover @Kaneez Surka @Random Chikibum@Shaad Shafi @Sahil Shah,2020-04-21T05:30:03Z,1863994,81523,1288
ROADIES AUDITIONS WITH @BB Ki Vines  @CarryMinati  @Raftaar,2020-04-20T05:30:08Z,3846474,238299,1283
SKRIBBLE WITH BASSI ft @Anubhav Singh Bassi@Amit Tandon @Kaneez Surka @East India Comedy,2020-04-19T06:30:02Z,2788621,126896,836
PUBG WITH SAKHT LAUNDA @Zakir Khan ft. @Mythpat,2020-04-18T05:30:02Z,1665417,99017,936
POCHINKI TOUR WITH @ashish chanchlani vines  Ft. @CarryMinati @Mythpat,2020-04-17T05:30:02Z,7859442,466108,5739
THE ROAST OF INDIAN COMEDIANS ft @Abish Mathew  @Varun Thakur @Kaneez Surka   @Ashish Shakya,2020-04-15T05:30:01Z,2012906,80243,1892
MEETING MY SASURJI - RESIDENT EVIL PART 3,2020-04-14T13:39:15Z,363460,19396,658
MY SQUAD TRIED TO PRANK ME,2020-04-14T05:30:04Z,774600,60094,686
AAG LAGA DI - VLOG 24,2020-04-13T05:30:15Z,3203391,247811,4142
STAY HOME FOR INDIA - DAY 2 | MEGA-CHARITY STREAM,2020-04-12T18:53:13Z,1098692,42891,497
WE KICKED  @Urooj Ashfaq OUT OF SKRIBBLE,2020-04-10T05:30:00Z,3550143,130796,1282
WHY @CarryMinati IS THE WORST COMMANDER,2020-04-08T13:37:34Z,845410,49408,488
CREEPY WIFE GETS CREEPIER (JUMP SCARES) - RE7 - PART 2,2020-04-08T06:30:02Z,436147,25000,818
FINDING SUNIL PAL ON AKINATOR - BUT FOUND @CarryMinati,2020-04-07T06:30:01Z,1418119,95497,952
MEET MY WIFE - RE7 - PART 1,2020-04-06T06:30:05Z,345306,22140,790
THIS FAN BETRAYED ME :( feat. @CarryMinati @Gareebooo,2020-04-05T06:30:00Z,861320,51295,540
INDIAN MEDIA IS UNBELIEVABLE,2020-04-04T06:30:09Z,3371016,289573,6684
MY FRIENDSHIP WITH @CarryMinati IS OVER!,2020-04-03T05:30:05Z,1683778,100969,1078
QUARANTINE VLOG 2 - BIGG BOSS - VLOG 23,2020-04-02T06:30:13Z,2205729,147458,6836
IS THIS MY NEXT FIR?,2020-04-01T05:30:05Z,1474238,79172,1108
THIS VIDEO PROVES WE'RE READY FOR PMCO @CarryMinati @sc0ut,2020-03-31T06:30:01Z,1343883,73625,626
BURNING @CarryMinati! üî•,2020-03-29T06:30:02Z,842629,66327,600
BISWA'S THE WORLD'S WORST DAD ft. @Rahul Subramanian @Sumukhi Suresh @The Aadar Guy @Abish Mathew,2020-03-28T06:30:00Z,1257272,55610,899
THE QUARANTINE VLOG - VLOG 22,2020-03-27T06:30:10Z,2035994,116224,2525
BANTAI KENNY'S NEW RAP ft. @Kenny Sebastian @The Aadar Guy @Kaneez Surka @Abish Mathew,2020-03-26T06:30:01Z,581978,29856,648
RAKHI SAWANT WILL SAVE US FROM KORONA,2020-03-25T06:30:00Z,1638523,93761,2166
COMEDIANS ON JUNTA CURFEW ft. @Zakir Khan @Anubhav Singh Bassi @Aakash Gupta‚Äã,2020-03-24T07:30:02Z,3909563,179195,2098
TIKTOK REACTS TO CORONA VIRUS - INSANE CRINGE,2020-03-23T04:30:05Z,1925646,111062,2054
THIS COMEDIAN SUCKS AT PUBG @Abish Mathew,2020-03-22T04:30:12Z,229040,16560,604
"""WHAT DO GIRLS FIND ATTRACTIVE IN BOYS?""",2020-03-21T04:00:07Z,3546886,223689,4089
üî¥ LATE NIGHT GAMEZ,2020-03-21T01:09:24Z,119771,4871,59
THE ONLY CURE FOR CORONA VIRUS IS...,2020-03-20T03:46:05Z,1311543,122155,4336
BEST WAYS TO TEXT YOUR CRUSH - EXPERT TUTORIAL CRINGE,2020-03-19T04:30:00Z,2393095,151152,5785
PLAYING CRICKET IN PUBG @CarryMinati @Samay Raina,2020-03-18T04:30:00Z,3118815,137136,889
HE WROTE A LOVE LETTER IN HIS EXAMS?! | EXAM CRINGE,2020-03-17T05:00:01Z,3701916,271582,4967
"""PAPA, I WANT TO QUIT COLLEGE"" - COLLEGE DARES - VLOG 21",2020-03-15T04:30:05Z,3784756,205814,4744
THIS TITLE IS HER CHOICE - ROADIES CRINGE MAHOTSAV,2020-03-14T04:30:01Z,4700186,270939,5589
CORONA VIRUS IN PUBG?? @CarryMinati @Samay Raina,2020-03-13T04:30:00Z,1893589,91363,1290
He Didn't See This Coming (10 Mil Surprise) @CarryMinati - VLOG 20,2020-03-12T04:30:16Z,13136400,804799,6254
BIHAR BOARD EXAM TOPPERS -  PALANG TOD CRINGE,2020-03-11T04:30:02Z,5790725,333643,7220
HOLI KE PEECHE KYA HAI? - ROASTING INDIAN MEDIA,2020-03-10T04:30:02Z,904182,59657,1163
MY BEST VLOG SO FAR @DIVINE @RITVIZ - VLOG 19,2020-03-09T05:30:10Z,3771352,320434,3406
THIS TRICK WILL IRRITATE EVERY PUBG PLAYER,2020-03-08T04:30:00Z,1040528,50302,642
BOARD EXAM TOPPERS - CRINGE COMPILATION,2020-03-07T04:30:01Z,6471223,452221,13091
ROASTING ARJUN KAPOOR AGAIN - VLOG 18,2020-03-06T04:30:01Z,2084345,155051,1138
"2 NOOBS, 2 PRO ft. @CarryMinati & @sc0ut OP",2020-03-05T04:30:01Z,2463495,102983,1123
WHEN MODIJI LEFT SOCIAL MEDIA - FUNNIEST MOMENTS @Narendra Modi  @Republic World,2020-03-04T04:30:00Z,1402338,81935,3485
NAKLI EMIWAY BOLTE üî•,2020-03-02T04:30:01Z,582091,38321,838
MEET MY BODYGUARDS: @CarryMinati & @sc0ut OP!,2020-03-01T04:30:02Z,1520091,83570,785
DID I ACTUALLY PLAY WELL?,2020-02-29T04:30:02Z,1286445,78914,1046
So That's How @RITVIZ  Wrote Udd Gaye?! - VLOG 17,2020-02-28T04:30:15Z,1661431,77159,997
FUNNIEST MOMENTS FROM NAMASTE TRUMP ft. @Narendra Modi & @Donald J Trump,2020-02-27T04:30:01Z,3123914,157207,5023
@CarryMinati - BEATEN. SHAHRUKH IS NEXT!,2020-02-26T04:30:04Z,870469,53154,913
üî¥ Namaste Trump - Watch The Coverage With Me!,2020-02-24T10:32:37Z,610043,33410,493
Why Does Sunil Pal Hate Me? :(,2020-02-22T04:30:16Z,4519223,342024,13953
@CarryMinati MESSAGE TO THE YOUTH - VLOG 16,2020-02-21T04:30:13Z,1756177,77738,1185
üî¥ Did I Actually Play Well?,2020-02-20T14:01:21Z,166789,10118,132
ISKE DUM PE I WENT CRAZY feat @sc0ut @CarryisLive,2020-02-20T05:00:15Z,793469,56659,1117
TEACHING @MortaL TO GIVE GAALI Feat. @CarryMinati,2020-02-18T04:30:02Z,2661459,142313,1122
DELHI ELECTION: INDIAN MEDIA REVIEW,2020-02-15T04:30:14Z,1896303,96587,3052
I'M GETTING MARRIED?! feat. @Kaneez Surka - VLOG 15,2020-02-14T04:30:15Z,1672512,134000,2125
HE REVEALED HIS GIRLFRIEND'S NAME ON LIVE STREAM feat Samay Raina | PubG Highlights,2020-02-11T05:00:12Z,849744,47595,389
@Biswa Kalyan Rath ANSWERS ENGINEERING QUESTIONS | TREEMATHON HIGHLIGHTS & BTS,2020-02-09T05:00:10Z,968961,34421,457
ZINDAGI NA MILEGI DOBARA feat. @Kaneez Surka - VLOG 14,2020-02-08T05:00:01Z,985584,48326,877
SURGICAL STRIKE IN PUBG! feat. @Narendra Modi | PUBG MOBILE FUNNY MOMENTS,2020-02-07T05:00:09Z,591836,32702,568
üî¥ Main kya kar raha hoo apni life ke saath?,2020-02-06T10:50:38Z,137461,7058,106
GOT ROASTED BY MY SUB-REDDIT | Sub-Reddit Review,2020-02-06T05:00:14Z,1891502,161240,1620
THE DUMBEST PUBG PLAYER IN THE WORLD feat. @Samay Raina | PUBG FUNNY MOMENTS,2020-02-05T07:51:22Z,1921407,89070,940
SECRET TIPS TO FIND GIRLFRIEND ‚Äã@Kaneez Surka | TREEMATHON HIGHLIGHTS & BTS,2020-02-04T05:00:15Z,960603,45132,1311
HONEST ENGINEER TRIES HONEST GAMING,2020-02-02T05:00:02Z,247329,12184,189
GAMING GYAN WITH SAKTH LAUNDA feat. @Zakir Khan | TREEMATHON HIGHLIGHTS & BTS,2020-02-01T05:00:13Z,818311,40805,460
üî¥ Tier 10 Custom Rooms - Bakchod Champions Cup | PubGMobile,2020-01-31T20:06:44Z,82581,5031,35
DESTRUCTION OF ANOTHER MONITOR feat. @CarryMinati & @Saiman Says | TREEMATHON HIGHLIGHTS & BTS,2020-01-31T05:00:07Z,4221801,256982,2167
@Kenny Sebastian DISSES RAPPERS TO SAVE TREES | TREEMATHON HIGHLIGHTS & BTS,2020-01-30T05:00:10Z,844112,44240,1199
PUBG WITH HONEY SINGH AND BADSHAH,2020-01-29T04:45:00Z,1143189,138152,1098
üî¥ Advanced Tier Customs Scrims - Bakchod Champions Cup  | PubG Mobile,2020-01-27T14:46:25Z,120132,7797,52
Tips To Reach Conqueror Tier by Asia's #1  Conqueror Player - PubG Mobile,2020-01-26T04:45:00Z,676901,56349,1176
CAA NRC Protests and Students | Stand Up Comedy by Tanmay Bhat,2020-01-25T04:30:01Z,6779521,414566,6181
üî¥ Reaching Conquerer Asia Rank #1 with Samay | PubG Mobile,2020-01-24T05:29:06Z,149774,7248,77
I COULDN'T STOP LAUGHING AT THIS GAME,2020-01-23T04:45:01Z,843148,46056,552
üî¥ Reaching Conquerer Asia Rank #1 - PubG Mobile,2020-01-22T16:37:34Z,92887,7426,48
HE INSPIRED ME | @Rohan Joshi STAND UP COMEDY | ICSE AND SSC SCHOOLS,2020-01-22T05:00:03Z,988031,62791,603
üî¥ PubG With Samay And Maxtern,2020-01-21T05:49:33Z,111038,5533,73
HOW TO SURVIVE CUSTOM ROOM Feat Maxtern & Samay Raina l PubG Highlights,2020-01-21T05:00:04Z,625780,36699,383
BOHOT JYADA PHATI feat @CarryMinati,2020-01-20T05:00:01Z,306528,19534,263
THEY'RE NEVER INVITING US BACK - VLOG 12,2020-01-19T05:00:00Z,1470607,73410,1153
CRINGE MOMENTS WITH AMITABH BACHCHAN,2020-01-18T05:00:02Z,1980823,120241,3205
"TWO ENGINEERS PLAY PUBG MOBILE feat. @Maxtern, @Samay Raina",2020-01-17T05:00:22Z,840492,49283,503
MERI BOHOT PHAT GAYI feat Carryminati | HORROR GAME HIGHLIGHTS - PACIFY,2020-01-16T05:00:05Z,1150828,60756,698
ROASTING INDIAN NEWS MEDIA üî•,2020-01-15T05:00:07Z,2333834,149435,5049
"ALMOST GETTING ARRESTED! - VLOG 11 feat. @sc0ut, @Clutchgod, @Ghatak Gaming",2020-01-14T05:00:06Z,3433237,288176,2125
THE BEST CO OP GAME EVER feat. @CarryMinati  | Part 2,2020-01-13T05:00:07Z,315063,16301,236
WE PRANKED @Dynamo Gaming | Feat @CarryMinati,2020-01-11T05:00:10Z,1058936,93770,673
üî¥ HORROR GAME TIME WITH CARRY AND RAKAZONE,2020-01-10T11:35:55Z,605740,31486,319
MY FAVOURITE YOUTUBE VIDEOS  - Episode 1,2020-01-08T05:00:15Z,3340967,178142,2954
"üî¥ KILLING ZOMBIES WITH CARRY,  RAKAZONE, GAREEB",2020-01-07T20:48:30Z,231069,15927,108
üî¥ WORLD WAR Z WITH CARRY AND RAKAZONE,2020-01-07T15:18:22Z,274357,14544,81
VLOG 9 - @Anubhav Singh Bassi AND GANJA: EK ANOKHI KAHANI feat. @Biswa Kalyan Rath,2020-01-07T04:30:00Z,2800353,97286,1596
ASKING @Dynamo Gaming PERSONAL QUESTIONS Feat. @CarryMinati,2020-01-06T05:00:00Z,2629365,186702,1202
üî¥ A WAY OUT WITH CARRYMINATI - FULL GAME WALK THROUGH,2020-01-06T01:38:07Z,164634,8553,59
WHY ARE COLLEGE FESTIVALS LIKE THIS?!,2020-01-05T05:00:04Z,1895678,83726,1130
Stand Up Comedy With @Zakir Khan - VLOG 8,2020-01-04T04:42:37Z,2053321,100651,1576
REVENGE OF OM GULATI - I BLAME @CarryMinati FOR THIS,2020-01-02T05:00:16Z,1382405,76540,713
HILARIOUS @CarryMinati SUICIDE! | PUBG M FUNNY MOMENTS,2019-12-31T06:07:55Z,977417,55559,432
Happy B'Day @Biswa Kalyan Rath! | Kaneez Pregnant? - VLOG 7,2019-12-30T05:00:12Z,1507793,113940,1866
WHY DOES MY CHAT HATE ME?!,2019-12-28T05:00:05Z,496304,35363,594
HATE THIS GAME | Getting Over It Highlights,2019-12-27T05:00:04Z,751455,51797,858
Salman Drove Over Me feat. @CarryMinati @Kronten | PubG Mobile Funny Moments,2019-12-24T05:00:06Z,1014166,79853,604
Spotting @MortaL at Dreamhack - VLOG 5 feat. @Kaneez Surka,2019-12-22T05:00:07Z,2192670,103862,1360
AAJ MAIN BOHOT IRRITATED HOO | PubG Mobile,2019-12-21T20:25:33Z,128326,7751,55
Tanmay Bhat Stand Up Comedy | The Front Rowst - Ep 3,2019-12-20T05:21:06Z,3202274,172107,1252
"PUBG feat. Kumar Sanu, Baadshah, @CarryMinati | PubG Funny Moments",2019-12-19T05:00:07Z,1221275,114284,1210
Discussing Ashleel Films With @CarryMinati | PubG Mobile Funny Moments,2019-12-18T05:00:02Z,1915362,110504,1012
I'm a Jedi Master | Let's Plays | Star Wars Jedi: Fallen Order,2019-12-16T06:43:34Z,45537,2879,187
üî¥ WAHI ROZ KI BAKAITI CARRY KE SAATH | PubG Mobile,2019-12-14T23:05:06Z,178618,9700,54
"WHO'S OUR CRUSH?! - VLOG 3 ft @Kaneez Surka  @Sumukhi Suresh  @Sorabh Pant , Boman Irani, Prashasti",2019-12-14T05:00:07Z,1169002,53317,751
I'M THE PRIME MINISTER OF INDIA - RAIDING SMALL STREAMERS,2019-12-10T05:00:05Z,1080539,67798,700
Abba Revive Karte The feat. @CarryMinati  | PubG Mobile Funny Moments,2019-12-09T05:00:09Z,1202479,60148,459
üî¥ Carrying Carryminati | PUBG MOBILE Live Stream,2019-12-06T19:43:29Z,163537,8084,81
I'M THE WORST TEAM MATE | PubG Mobile Funny Moments,2019-12-03T05:00:02Z,433053,22217,174
MY FIRST EVER VLOG - feat. @RITVIZ,2019-12-01T04:30:02Z,893979,49563,732
The Most Epic Ending To A PubG Game | PUBG Mobile | Funny Moments,2019-11-29T05:00:05Z,243877,14664,166
Cricket Jokes | Feat. @Varun Thakur | @Sorabh Pant  | Kumar Varun | Kautuk Srivastava,2019-11-28T05:30:00Z,645915,25626,321
"PUBG MOBILE, PLEASE MAKE THIS MODE OFFICIAL!",2019-11-26T04:30:00Z,201948,11639,122
üî¥ Kaisa Game Hai Yeh Yaar | Getting Over It Stream,2019-11-24T13:19:07Z,65479,3205,93
Can India Beat FC Barcelona in FIFA 2020?,2019-11-24T04:30:00Z,394321,28710,1214
üî¥ Getting Over It | No Anger Challenge | Live Stream,2019-11-20T16:25:09Z,108114,5162,153
Honest Theme Park | Roller Coaster Tycoon | Funny Moments,2019-11-20T05:30:00Z,265153,18878,621
üî¥ Subscriber Games | PubG Mobile | Full stream | Tanmay Is Live,2019-11-16T18:51:40Z,33992,1453,15
"Mera Dost, Mutthal | Tan Ki Baat Ep 3",2019-11-15T06:00:05Z,136500,7673,121
Stand Up Comedy in PubG? | PubG Mobile Funny Moments feat Tanmay Bhat,2019-11-13T05:22:27Z,313191,17634,0
üî¥ FIFA My Career | Noorinder Moody Zindabad | Tanmay Is Live,2019-11-06T09:42:04Z,70027,2933,58
üî¥ Getting carried by Carryminati | PubG Mobile | | Tanmay Is Live,2019-11-05T21:41:27Z,175611,7931,64
"Tan Ki Baat - Ep 3 : She said ""Fucked Up""",2019-11-05T13:37:20Z,65646,3618,129
Late Night Chill Stream,2019-11-03T21:07:06Z,50016,2481,72
Tanmay Bhat Stand Up Comedy - Crowd Work: Never Text At A Comedy Show,2019-11-03T19:03:27Z,1703072,99752,752
üî¥ PubG with k18 gaming and 8bitMamba!,2019-10-31T01:38:09Z,20320,894,48
playing with k18 gaming and 8bitMamba!,2019-10-30T23:06:51Z,21601,1167,40
8Bit Mamba Raided me!,2019-10-30T19:38:40Z,41545,2469,74
Playing PubGMobile with fans!,2019-10-30T04:34:00Z,9533,446,14
üî¥ Playing PubGMobile with fans!,2019-10-27T18:07:47Z,11627,536,18
Playing PubG With Fans! - EP 2,2019-10-26T19:48:25Z,31827,1433,43
Playing PubG With Fans!,2019-10-26T11:38:33Z,64211,3008,208
Maushi Zindabad | Tan Ki Baat Ep 1,2019-10-07T15:16:48Z,96260,3473,86
I'm a mess,2019-06-30T06:24:06Z,405956,25976,1220
Tanmay Bhat - Problems se dosti kar lo,2017-04-05T09:32:48Z,140472,8626,339
Royal Turds gets a standing Ovation. Twice. Sort of. Coz we forced them.,2013-03-31T08:12:41Z,60087,1447,31
